Variables,empleo,empleo,empleo,empleo,empleo,empleo,empleo,empleo,empleo,empleo,empleo,empleo,empleo,empleo,empleo,empleo,empleo,empleo,paro,paro,paro,paro,paro,paro,paro,paro,paro,paro,paro,paro,paro,paro,paro,paro,paro,paro,pib,pib,pib,pib,pib,pib,pib,pib,pib,pib,pib,pib,pib,pib,pib,pib,pib,pib
Regiones,España,Andalucía,Aragón,"Asturias, Principado de","Balears, Illes",Canarias,Cantabria,Castilla y León,Castilla - La Mancha,Cataluña,Comunitat Valenciana,Extremadura,Galicia,"Madrid, Comunidad de","Murcia, Región de","Navarra, Comunidad Foral de",País Vasco,"Rioja, La",España,Andalucía,Aragón,"Asturias, Principado de","Balears, Illes",Canarias,Cantabria,Castilla y León,Castilla - La Mancha,Cataluña,Comunitat Valenciana,Extremadura,Galicia,"Madrid, Comunidad de","Murcia, Región de","Navarra, Comunidad Foral de",País Vasco,"Rioja, La",España,Andalucía,Aragón,"Asturias, Principado de","Balears, Illes",Canarias,Cantabria,Castilla y León,Castilla - La Mancha,Cataluña,Comunitat Valenciana,Extremadura,Galicia,"Madrid, Comunidad de","Murcia, Región de","Navarra, Comunidad Foral de",País Vasco,"Rioja, La"
,,,,,,,,,,,,,,,,,,,,,,,,,,,,,,,,,,,,,,,,,,,,,,,,,,,,,,
1980,9.383865015808068,7.402878259020837,5.995020716435748,5.972854957858811,5.417543804442474,6.020355650760272,5.174170373805154,6.7517153155820715,6.1894441247586425,7.596718719895751,7.0904934156613075,5.71332017913669,7.016721785233948,7.281523300347047,5.64252744584169,5.119190700650601,6.549829553141752,4.5166121590063,11.415000000000001,17.41,8.6175,8.4075,8.01,12.322500000000002,7.470000000000001,8.450000000000001,10.657499999999999,12.232500000000002,9.71,14.9875,5.012499999999999,12.535,9.8225,11.87,12.3775,5.1975,4.24375973263128,4.21158108945885,4.2052664462134,4.29951192161113,4.01413058213228,4.21321724621827,4.31702288786896,4.29142362206695,4.26155765406347,4.22946461841879,4.25067651748028,4.13653053330325,4.37308038177319,4.17040626095377,4.29631083978247,4.28953838820522,4.42569439503876,4.10374552256196
1981,9.3577534047507,7.383942873042516,5.9613918628516895,5.940631673026523,5.376781906492803,5.9838733064121605,5.1547356380700124,6.731525131824499,6.1562901890976764,7.569540783099068,7.043967450106888,5.702114417555504,6.992418066860846,7.2706955546753,5.613857767128215,5.097882754327155,6.516858535049369,4.494797128506721,14.030000000000001,19.795,11.79,11.7525,9.9725,16.2275,10.3125,10.372499999999999,13.95,15.395,13.3325,16.5075,6.12,14.352500000000001,12.55,13.03,15.715,7.4525,4.24199431157415,4.19690393920155,4.18152454392771,4.310665697424,4.04989033572399,4.2225948774522,4.33052107354882,4.2350554123578,4.22322446768425,4.21849006873621,4.27795046375325,4.10533453216619,4.3852735441287,4.17732509272662,4.30700263750117,4.32156466576156,4.43954725511743,4.14308811625768
1982,9.348477081331867,7.387631884604112,5.967363946743786,5.897565870663924,5.370289130060508,5.966659428189011,5.092829531722242,6.711770808218999,6.176231029301188,7.5365372567173585,7.023269075194477,5.700109069289892,6.994276952753383,7.290309935507195,5.62021968988551,5.097118753984393,6.491898867806848,4.470495282661489,15.844999999999999,20.5375,12.2125,13.7075,11.745,18.2175,12.4175,12.157499999999999,13.7325,19.155,16.765,17.3825,7.52,14.5,15.285,13.379999999999999,18.165,10.995000000000001,4.25753326635409,4.22887988757082,4.23132512797906,4.32794551395979,4.08133021056949,4.22702373174515,4.34969025932388,4.27273071379047,4.23111370934552,4.20821717293795,4.2793420171329,4.11166207902412,4.40419837937431,4.20786902702376,4.30169050623793,4.30936963462006,4.46215617269294,4.18237790663064
1983,9.34327033377744,7.387074755660781,5.965954412937889,5.890469488959796,5.396804313262691,5.985006237046935,5.083730849166806,6.704414354964107,6.1867743074927555,7.50788215596886,7.026337994809085,5.732450913003886,7.00022050665423,7.278991195539641,5.588558661394741,5.087904929587556,6.484215300146441,4.454928522657548,17.3275,22.4125,13.682500000000001,13.895,13.9275,19.11,12.6075,13.557500000000001,14.082500000000001,21.075,17.2675,16.3475,9.89,16.7025,16.6225,15.517499999999998,19.615000000000002,11.26,4.27948569111741,4.24939978068805,4.2666673943447,4.34211787771274,4.13316372970261,4.26625466156869,4.37720572473903,4.3127563022875,4.2365407426228,4.22657315160857,4.29913667292719,4.14086012398344,4.40886394903902,4.24256376571556,4.32203231804839,4.33032707829942,4.45758489097839,4.21703594391902
1984,9.316394896753959,7.309312762259284,5.9310508405473605,5.861071083174386,5.406611076183305,5.973427859621831,5.072357352724253,6.675949317089274,6.160310295014343,7.500128631155732,7.012790741816018,5.594990151150362,6.988367055474525,7.26325953793653,5.61349300330874,5.0611699674703035,6.468629969381338,4.378269585796169,20.08,28.904999999999998,15.19,15.66,14.0475,22.3525,15.985000000000001,15.9875,16.275000000000002,21.737499999999997,19.49,26.5225,11.604999999999999,19.3875,16.86,16.23,21.6025,13.822499999999998,4.29405171585415,4.25862460143042,4.3109059361911,4.35243565815725,4.18814304301533,4.23270830380182,4.39076273657014,4.33594844820382,4.269160657401,4.24747265052368,4.31970712623887,4.28420468485221,4.41745473261386,4.25336667106267,4.33106576529017,4.32719132844631,4.42607906431541,4.24043426017326
1985,9.306014122044465,7.325659367858729,5.904134937669595,5.853279485802112,5.389414136941914,5.952073819503063,5.087133265068981,6.646650221380809,6.171648403982056,7.488964806301218,6.997458862063916,5.607179793264784,6.975507381032956,7.238927782508446,5.604974518090064,5.072514031142121,6.444051762284881,4.359269647551265,21.4525,29.6775,17.255,18.3975,13.795000000000002,25.6775,15.6425,18.165000000000003,16.6025,22.314999999999998,20.795,27.0,12.985,21.09,20.509999999999998,18.7375,23.0175,17.4775,4.3198379112646,4.30170268518474,4.32511076794642,4.40846294163304,4.23612538485159,4.23171637645735,4.39535760141589,4.38814778775769,4.32188533610045,4.25784063536782,4.34447812021672,4.33704058823975,4.426368773171,4.27713053712949,4.34215694112837,4.34507654817566,4.43869540972977,4.30769328658645
1986,9.324454463057021,7.345623038197802,5.950382102006752,5.838094812263795,5.384265678684402,5.972218015162118,5.050016250820106,6.653250051224913,6.191697646839086,7.5260980911146,7.022132521503687,5.5939676086489944,6.949017176730777,7.2916391790566975,5.615952580954964,5.090370262115109,6.444171001538585,4.381088694945905,20.975,30.084999999999997,15.9975,18.575000000000003,14.192499999999999,25.72,17.7125,18.0425,15.1675,21.1575,19.535,27.4225,13.455,19.3525,19.6425,18.0975,23.18,15.940000000000001,4.35133659990628,4.33779011965154,4.34898664183598,4.45639987466776,4.2798253406383,4.31835698315975,4.3496100841053,4.39667728794625,4.32455164475843,4.29021370876688,4.35823973450841,4.32758364836832,4.39702702429472,4.36411377889917,4.3791092660393,4.36207021896287,4.45749395961382,4.24944009039669
1987,9.371527665239851,7.405404473631496,5.990151185025452,5.8545703637782704,5.432848259505643,6.040254711277414,5.055608659738987,6.693261708481831,6.221732658364488,7.591243461247463,7.076801608576062,5.663567934487077,6.9449065446129294,7.346139233847411,5.685873054112633,5.133295306832143,6.477010823688518,4.4343818650078095,20.2225,30.49,14.0075,20.2625,13.9525,23.795,18.785,17.105,15.0025,20.252499999999998,18.9375,26.4325,12.7425,16.4325,19.642500000000002,16.42,22.125,13.367500000000001,4.40621667526439,4.40186008024517,4.38890140792389,4.47673656527378,4.34752562706729,4.38780711558109,4.39787524472003,4.45078841279415,4.41189084476399,4.34502193160555,4.42246317091464,4.41677479728587,4.43512868002222,4.41804110743797,4.43022183831797,4.45530132300198,4.47636684398161,4.27402374254
1988,9.409488317734171,7.473750673881598,6.008567455007644,5.863560150348591,5.520660597691477,6.107635172418086,5.058949154374806,6.707229017533336,6.260154913378162,7.62095015484586,7.1228464971055185,5.7062793548547885,6.962338156752429,7.357683743796821,5.757876011369696,5.162783971252841,6.5147497272237125,4.48554169853256,19.237499999999997,28.6775,13.935,19.4525,10.9175,22.0125,20.635,17.355,15.1125,18.552500000000002,17.1375,26.215,12.4325,16.14,17.487499999999997,14.4075,21.215,13.3675,4.45654341917209,4.45646133416963,4.45570789847018,4.51800022344262,4.38869338169901,4.44811331893668,4.50250744295599,4.48369957491268,4.49320889159987,4.40473791865525,4.46644953321269,4.48211601644547,4.48697590113035,4.46079899525966,4.46052147521124,4.48073744090194,4.50943508261653,4.32415379947517
1989,9.444481230624834,7.509088660269428,6.030204375423913,5.865476063654188,5.5666254698166195,6.141929872924206,5.112288947822756,6.729286291503672,6.280863894199257,7.676763358706853,7.159311344733025,5.698351084658994,6.965151164623425,7.409666285358553,5.787127416256347,5.19267903452504,6.545457413149566,4.511957804265912,17.24,26.9975,12.155,18.005000000000003,10.7625,21.247500000000002,17.652500000000003,16.58,14.192499999999999,14.157499999999999,15.4625,26.6325,12.317499999999999,13.0,16.43,12.595,19.275,9.9075,4.5028342943177,4.48669475917176,4.51581065493223,4.55453801658819,4.41009267876733,4.4922096886036,4.56951768481187,4.52316672598713,4.55970647775928,4.45796777405829,4.50606765501167,4.51268368707195,4.53396573168228,4.50691841367967,4.5183360370381,4.56335276942883,4.56723044066908,4.36257224907952
1990,9.4692313037089,7.544001365533722,6.077240786629279,5.888947208012628,5.536349530355997,6.123260058962886,5.134474030999855,6.754516683079847,6.294804640416468,7.709678386038491,7.1874492815867335,5.740034040661695,6.9553780953995625,7.450631742913262,5.819118073336106,5.2074348700708635,6.570882962339584,4.498419816041211,16.2375,25.525,9.535,17.485000000000003,10.5425,22.9775,16.7675,15.392500000000002,13.09,12.535,14.255,24.8375,12.285,12.2325,15.95,11.6575,18.64,8.33,4.53955754899457,4.54497962457256,4.54885212954893,4.54955517304493,4.48831999710733,4.49156763734395,4.56989047066722,4.54422659491262,4.58971266215247,4.51367602563123,4.54745985767136,4.53378766463228,4.53076200385279,4.53489813012212,4.58510246211092,4.58990901800666,4.58228037797356,4.52420483532705
1991,9.477085411436882,7.549464417837039,6.068946285990839,5.887214525734183,5.567771820725497,6.13956122409928,5.121729341601843,6.759110248547566,6.3039916595568775,7.735291296955732,7.183320487842681,5.766365960957969,6.940222469119639,7.462846561046114,5.788429948716486,5.2333787653891255,6.590232364519335,4.504244267398131,16.3125,25.737499999999997,10.0525,15.5225,10.095,24.612499999999997,15.9425,15.0825,13.1675,12.197500000000002,15.627500000000001,24.005,12.46,11.825,18.155,10.647499999999999,18.2725,9.695,4.56198275373291,4.57044676387631,4.56358862390275,4.56958935949869,4.51975019258473,4.50187708542083,4.56315896962377,4.54246177009253,4.60725394944426,4.54370323097113,4.58046716283103,4.57300963936596,4.55731729053008,4.56683626957033,4.55702709470684,4.58381669830738,4.59896416149358,4.54893112109971
1992,9.458943071285713,7.5257612614865765,6.057018177847421,5.863347044327539,5.510298853156055,6.1156713505621685,5.1368273193340155,6.731793456140764,6.288926762664491,7.722511500031995,7.159253023792875,5.745883650674837,6.898260344420335,7.463936604468925,5.7720639820726065,5.230306155931493,6.578243760256516,4.473921899378137,18.3525,28.18,12.305,16.822499999999998,11.5475,24.822499999999998,16.645,17.695,15.66,13.535,19.1,25.89,16.2425,12.959999999999999,20.965,11.4725,19.5625,13.532499999999999,4.56883257781058,4.576391895486,4.57257485273411,4.60320978285295,4.54256607682867,4.53836819580276,4.5804840114045,4.55016264991595,4.61718507427416,4.55733225547525,4.5753989528257,4.58639197400333,4.57026675974158,4.56610690506571,4.56557033372266,4.56671112483227,4.58095211819602,4.56921313974739
1993,9.416850349236368,7.465741167924988,6.021326701391895,5.8226760045966115,5.480951374524037,6.0764947962925575,5.1127405170334095,6.705608494636619,6.250940027669582,7.672129500080341,7.11161406888448,5.705614129485171,6.873396726345698,7.420608845082365,5.744924417987376,5.19267903452504,6.546175468686109,4.44500143383527,22.64,32.9725,16.952499999999997,20.525,17.835,28.240000000000002,19.83,20.417499999999997,19.5325,19.162499999999998,23.572499999999998,29.959999999999997,18.337500000000002,17.7675,25.19,14.1325,23.404999999999998,14.49,4.55677499351707,4.55615247281635,4.55698439147552,4.5740491672866,4.54532518736775,4.54937351988986,4.56246349769359,4.5666616287196,4.57271644466005,4.54681618718001,4.55321457537019,4.57522671538516,4.56428770182588,4.55469280507365,4.56306001222528,4.55238969131885,4.56465333407376,4.56375206006682
1994,9.40981603549019,7.466084525392095,6.008383117546678,5.797121015086702,5.53289529548791,6.145525937234748,5.06433402643019,6.674403551075404,6.236516350471072,7.661738823645419,7.112653389954997,5.655467197709981,6.847368128967042,7.412416944530227,5.75526741734471,5.201117903170904,6.539947162051071,4.423648309364701,24.1175,34.59,18.302500000000002,21.9525,17.8,26.47,23.354999999999997,21.43,19.697499999999998,21.1725,24.5925,31.6425,19.93,20.57,25.5175,14.62,24.3925,16.97,4.57775778423205,4.57765234010446,4.56922387120848,4.58801195780257,4.57076843885621,4.57950125759902,4.58765430601713,4.58880478372793,4.58713362088961,4.57367143971032,4.57125189006878,4.58950813457806,4.58623127606865,4.57599974222663,4.58782152038348,4.57784725791395,4.57289660228076,4.5806531405899
1995,9.43444745894079,7.493999087626742,6.024536588168176,5.790113064407222,5.60138054103812,6.188623401450198,5.084350331918537,6.66943463606808,6.220938022117061,7.6896342308044625,7.160418796832339,5.650645376243072,6.864586783580759,7.43995582275582,5.799622816929868,5.2474187311145,6.557026904812721,4.469923036580066,22.900000000000002,33.910000000000004,16.0575,20.355,14.31,23.549999999999997,22.4375,20.877499999999998,20.19,19.745,22.4825,30.802500000000002,18.0525,20.465,23.5525,13.1425,22.535,16.0925,4.60517018598809,4.60517018598809,4.60517018598809,4.60517018598809,4.60517018598809,4.60517018598809,4.60517018598809,4.60517018598809,4.60517018598809,4.60517018598809,4.60517018598809,4.60517018598809,4.60517018598809,4.60517018598809,4.60517018598809,4.60517018598809,4.60517018598809,4.60517018598809
1996,9.45993109330524,7.53926638888368,6.027374497267217,5.786206959030969,5.664521760702899,6.23239889943074,5.07031829625743,6.678939420508397,6.243244144958524,7.725473515482456,7.189997582683553,5.6687596048831255,6.849569867372231,7.466585043796595,5.797196919295627,5.296816240421769,6.575529015445714,4.513602992462601,22.1825,32.585,15.2825,21.0375,13.3075,22.064999999999998,24.009999999999998,20.13,19.585,18.7975,21.675,30.237500000000004,18.735,20.2025,23.6625,11.717500000000001,20.69,14.1525,4.62932595011086,4.62829964089847,4.63429280282335,4.60853153332502,4.6370747328764,4.62596604241789,4.61347883933278,4.61856324325801,4.64145269164193,4.6349875412097,4.6250466164431,4.62777674036877,4.61753684171022,4.63578482190318,4.63804293085683,4.63747113094267,4.61611254442113,4.6339146800717
1997,9.49246767019586,7.569850292786613,6.052324435364745,5.764328662024186,5.6944894277446085,6.314634412489316,5.137708376659732,6.691152788211308,6.278568327381068,7.762319532218527,7.22826144786311,5.697680562464733,6.8456670866687155,7.4977478424334185,5.889777830334906,5.340058938127675,6.6140886681831,4.549393170519093,20.755000000000003,31.8,14.1125,21.205,11.620000000000001,19.744999999999997,20.88,19.8375,18.634999999999998,16.94,19.974999999999998,29.287499999999998,18.55,18.075,19.535000000000004,10.2075,18.9925,11.5975,4.66680106089145,4.67531182312438,4.67148018712803,4.62517085249674,4.69570817151068,4.66164164476176,4.64145269164193,4.63068460421832,4.67201534198436,4.66622200595417,4.67658588379289,4.65904738352079,4.64182059585555,4.68001807654895,4.69720320904816,4.68287917049298,4.65756312000031,4.66986057934249
1998,9.532972633591116,7.619564730997272,6.0879104453762345,5.784055924937384,5.71957379945121,6.354717806406837,5.185148668442399,6.72037092784572,6.334122966923334,7.80783532480831,7.285249490126271,5.7171921615661185,6.868598563780943,7.535256658930131,5.936744334907749,5.3616442164083615,6.643854835195154,4.567208679700973,18.71,29.377499999999998,11.4025,19.087500000000002,11.115000000000002,18.52,17.92,18.18,16.88,14.207500000000001,16.55,29.0475,17.5425,16.8475,17.26,10.1675,16.965,11.362499999999999,4.71065294377404,4.71139239967751,4.69228006046002,4.66295192452083,4.72710088374513,4.71398578925054,4.68640407899552,4.65020800079676,4.71029229462922,4.70202001174724,4.73114486720288,4.69157969755973,4.6644630724974,4.74853006367655,4.7530581815109,4.72966465660704,4.71175244920833,4.70455907924758
1999,9.586582621407445,7.680152545481682,6.112298479597622,5.826958350184029,5.783209608287523,6.431773818049865,5.182204809864418,6.769268772892209,6.371312657179831,7.856358300323539,7.336399660037706,5.794384619338482,6.896213933135578,7.612336837167746,5.992838602661125,5.39906726964818,6.6977438723665195,4.620551288026394,15.7475,26.6475,9.007499999999999,18.1075,8.0575,14.3575,15.559999999999999,15.399999999999999,15.025,10.555,13.727500000000003,25.230000000000004,16.404999999999998,12.915000000000001,13.7975,8.1475,13.885,8.157499999999999,4.75687288423763,4.75261298534803,4.72111281090488,4.67033982074406,4.78290935633461,4.78046256338351,4.73047354234703,4.68711255708105,4.73047354234703,4.75342319009351,4.77761460068385,4.7421552947879,4.70109720550768,4.8063118017317,4.79750994426924,4.77435874288991,4.76419892414782,4.73915712508556
2000,9.640153317799538,7.735083641008102,6.151774789250623,5.86199631721783,5.86064376317643,6.501477340616947,5.253058460142422,6.802478093185615,6.421459652959424,7.905727375198337,7.404948401016831,5.849612922867741,6.942543104467801,7.670078647558865,6.058305104026791,5.458521118088372,6.735958145644395,4.663910681010692,13.9325,24.3,7.15,17.1175,6.35,13.39,13.567499999999999,13.807500000000001,12.555,8.727500000000001,11.515,23.767500000000002,14.9625,11.440000000000001,12.7,5.647499999999999,12.145,8.065,4.80606312875148,4.81342512513655,4.77240610542601,4.72058103779542,4.82581685708971,4.81712654779874,4.78071475831002,4.72170400258404,4.78071475831002,4.79633069142725,4.83207078594801,4.79029566976878,4.72846840192859,4.86394091528145,4.85619894102384,4.8383640734518,4.80606312875148,4.79996926456016
2001,9.676935072420921,7.789382099692931,6.156343190290216,5.897634521335012,5.8921275204277155,6.556778356158042,5.330421470448569,6.822959627277421,6.447662375844916,7.924813996975576,7.45206886890911,5.877245465515832,6.968568118378649,7.722600045561057,6.083416822729844,5.470483363097379,6.771162060893213,4.701161951641818,10.4925,18.757500000000004,4.8025,7.842499999999999,5.9,10.690000000000001,8.790000000000001,10.0275,9.2975,8.4025,9.274999999999999,14.4975,11.035,7.234999999999999,10.5025,4.59,9.7425,4.405,4.84514013924609,4.85254991950027,4.80519592805796,4.75770827171268,4.84816415561334,4.86266856815145,4.82181643386606,4.74523450003563,4.82109709587304,4.83858199701667,4.880343842618,4.81913779481305,4.76465450862046,4.90873407188121,4.9005380593577,4.86646610536275,4.83920225524703,4.82332619617126
2002,9.728544705979996,7.843181749164768,6.219446375062441,5.924389478318414,6.004565849027637,6.583582097947941,5.355878477072569,6.829577497918113,6.501815058025736,7.9740251447289925,7.492119427082926,5.853064177371955,6.943749639205513,7.842494780924753,6.201928045264817,5.521060837840906,6.7997802373168375,4.765586907393996,11.355,19.6475,5.5275,9.775,7.334999999999999,11.1225,10.055,10.442499999999999,9.379999999999999,9.62,10.3025,19.1525,12.1525,7.115,11.3125,5.602499999999999,9.4275,6.9375,4.87347733647473,4.88788928573952,4.84651407770059,4.78023174599926,4.8525743065266,4.88635833951687,4.84939678137768,4.77388975542275,4.86623693211955,4.86540576256012,4.90979104400024,4.85316294797202,4.79125825472852,4.93467746637323,4.94061628273639,4.89731078094055,4.85651370917907,4.84733695348556
2003,9.768560901276535,7.885611366514447,6.2592468000405725,5.955059865214182,6.045775159808792,6.636077780672072,5.400196830369207,6.845933065338794,6.541679139102344,8.026031296411583,7.5342951332354,5.891367930569697,6.976674814446735,7.877529904129132,6.259103338308743,5.542635153093653,6.824292144980878,4.812590776837065,11.305,18.564999999999998,6.3275,11.205,9.31,11.415000000000001,10.5475,10.982499999999998,9.78,9.275,10.8125,17.372500000000002,12.625,7.2225,10.565,5.510000000000001,9.19,6.125,4.90555339665781,4.92982177464586,4.88045531083934,4.80443534824197,4.86351533461899,4.9203342101312,4.86344347381012,4.80174670957296,4.90821840541805,4.89600304997886,4.93622430106198,4.88491164631098,4.82065484512112,4.96825376190683,4.98029476616679,4.92723246101893,4.87913910903112,4.88573608568624
2004,9.805998751258535,7.933796874815411,6.304403097538406,5.969985515430857,6.08893149033419,6.663228476844284,5.424178795055693,6.867792290410607,6.583996877947666,8.06181015845555,7.584938206254137,5.910457833263104,6.990256500493881,7.924542717347917,6.308462673893816,5.571488411461894,6.837332814685591,4.864645666549691,10.807500000000001,16.97,5.36,10.365,9.0075,11.86,10.53,10.51,9.3075,9.155000000000001,9.99,17.11,13.47,6.4675,10.5425,4.99,9.4,5.52,4.93663247949021,4.96364933157576,4.90993590368166,4.82487715742023,4.88077574172215,4.93848740505726,4.88257264327357,4.82563492528712,4.94734609924772,4.92785637451797,4.96620513338301,4.91456034052701,4.85818056666173,5.00415802312911,5.01182891078568,4.95958330182108,4.90563072397119,4.91940930116801
2005,9.863030074904852,8.006084194170441,6.3606978042940865,6.012920219137271,6.141069195087321,6.704046640306535,5.485315471225893,6.934251142786102,6.651248823998806,8.123120443244282,7.6360403299939925,5.954152012224002,7.032447722939455,7.979099140496053,6.362640097241273,5.62564073677191,6.876109801146591,4.96319421949612,9.16,13.8475,5.8325,10.245000000000001,7.2825,11.73,8.5225,8.7325,9.1675,6.9575000000000005,8.815,15.777500000000002,9.9475,6.8100000000000005,8.015,5.6425,7.3375,6.19,4.97311721272249,4.99844461816979,4.94506575132739,4.85632628995859,4.91442770747619,4.96871378074332,4.91264230183335,4.85419318561713,4.99169674453736,4.96186602850845,5.00042309059744,4.94988410147841,4.89434889292355,5.04974679551692,5.05521966503363,4.99092028008192,4.93989531802479,4.95624987031604
2006,9.900437907090977,8.051500257757587,6.376259151424086,6.057603349612027,6.204103113777045,6.756816103416851,5.528635121610247,6.957069115535058,6.697250273713894,8.156782707599518,7.680002415272315,5.990026012913635,7.06036906410582,8.014310935404557,6.407704728384105,5.657389435086491,6.901234061991872,4.972587226458726,8.5125,12.6875,5.547499999999999,9.315,6.51,11.677500000000002,6.565,8.12,8.8125,6.6025,8.370000000000001,13.4325,8.48,6.370000000000001,7.8525,5.3100000000000005,6.9725,6.172499999999999,5.01339111200615,5.03905933753214,4.98937679765671,4.89578512637501,4.94497998175725,4.99805326530185,4.94183410780795,4.88499644165488,5.04371280327549,5.00080537435338,5.04136740192028,4.98714226941252,4.93856662218123,5.09853695971688,5.09782351078216,5.03157204730949,4.97810337301375,4.99894245451618
2007,9.932071365066532,8.082904135994495,6.4350680521072,6.079189211314456,6.233871364603038,6.79251276346986,5.5667210492671115,6.9867050819605385,6.762758408248336,8.182160917550851,7.709779285727469,6.028158031044457,7.08447785737561,8.047765396346175,6.457907155939966,5.688499617791684,6.908879646643847,4.992980358857535,8.262500000000001,12.7575,5.24,8.48,7.0275,10.442499999999999,5.905,7.1775,7.6125,6.5475,8.7575,13.055,7.6425,6.297499999999999,7.5575,4.762499999999999,6.117500000000001,5.655,5.05015630574517,5.07617297216026,5.0357560771224,4.9251127413485,4.97948315793212,5.02849253231035,4.97116172268369,4.91781888153472,5.10016699179666,5.03537671850344,5.07409409504572,5.02909215416229,4.98091165793701,5.13811594602123,5.14063741675101,5.06669858925331,5.00902853060955,5.03890781311945
2008,9.926698580316682,8.058540891365041,6.4387911093110635,6.123040904896701,6.241250029368613,6.733312602136867,5.5769902276547265,6.980215465711398,6.758152574750908,8.183495103284374,7.703921486052507,6.01713229385656,7.091076336109175,8.049323284165803,6.439230555615801,5.6882457355070715,6.917903610033952,5.002939087461785,11.3275,17.802500000000002,7.140000000000001,8.4525,10.207500000000001,17.345,7.1625,9.504999999999999,11.5725,8.997499999999999,12.110000000000001,15.2025,8.7225,8.6775,12.615,6.719999999999999,6.445,7.7825,5.06179562244421,5.08286195994059,5.0504262670564,4.93565428659908,4.99200137667256,5.02945918310722,4.97788282335345,4.92367255665098,5.12772779153414,5.03925269219089,5.08351923576355,5.0479512738833,5.00143020899847,5.15488989630147,5.16089860158723,5.08719711049106,5.02365580283592,5.05830706357162
2009,9.857802188482674,7.9834997474464,6.370072201046264,6.054791396968307,6.182704549409183,6.65279851114306,5.526448459373285,6.9280969766400515,6.691959665330466,8.098734025012615,7.602863036354717,5.963964873405397,7.052201883347165,8.002585424354786,6.349182696718412,5.645976792559814,6.85845998725726,4.952653011557909,18.009999999999998,25.355,12.8225,13.4275,18.0675,26.1875,11.99,13.782499999999999,18.810000000000002,16.25,21.235,20.547500000000003,12.595,14.0375,20.74,10.89,11.037500000000001,12.755,5.02546369328297,5.04600036650283,5.01384284971853,4.88380893583284,4.95197651220805,4.98500742026874,4.93885347926264,4.89405538689049,5.10116449838059,5.0028134074112,5.02558798138446,5.02205341190939,4.96499092392433,5.13212790417309,5.11396916930495,5.04878766241339,4.98315644094012,5.01311273204433
2010,9.837586770609187,7.963442669132032,6.333013162800813,6.021023349349527,6.170499458796129,6.629132051018702,5.493781348755504,6.9158474488794734,6.6713365004678975,8.086133313896585,7.564147703416005,5.952138828441814,7.0071480228601715,7.986326411908419,6.3319910540572355,5.635414407938091,6.869118395367219,4.923442082393878,20.064999999999998,27.972500000000004,14.77,15.975,20.425,28.697499999999998,13.8725,15.785,20.99,17.7525,23.2975,23.0475,15.397499999999999,16.0775,23.3425,11.8475,10.545000000000002,14.2725,5.02546369328297,5.03407179583318,5.02086746443687,4.88781695655833,4.94798449125239,4.99505775648475,4.93386593826733,4.89605738926602,5.09816898920958,5.00581791647652,5.01960591020212,5.03109415634996,4.96799543297952,5.13312840450726,5.11496966945216,5.05279568408558,4.99118861248389,5.01812527403413
2011,9.821269668380564,7.9366422851586815,6.310599864075918,5.995269797948961,6.142198682904051,6.644668253385737,5.481471909645883,6.902541711929249,6.666447757040256,8.073028834168797,7.544411469983812,5.923587124704897,6.993313517343722,7.969288559408826,6.299362764287,5.6313013835417784,6.863045528589852,4.898585790287633,21.637500000000003,30.3875,17.0925,17.854999999999997,21.962500000000002,29.689999999999998,15.2925,16.735,22.9225,19.25,24.4875,25.097500000000004,17.4075,16.73,25.4025,12.9375,12.005,17.005,5.01944562093626,5.02704718128577,5.01081712889664,4.88079234185213,4.95097999999654,4.99104973507905,4.91671977902812,4.89805539238084,5.0931564472694,4.9896885345303,5.00652067063138,5.02205341190939,4.95084927417994,5.13911047618833,5.11096164819935,5.05877775585335,4.9861760705852,5.00504003445195
2012,9.777508993887755,7.884378825395242,6.303214036756216,5.947773858483249,6.156661138467342,6.61136876590021,5.456388921118532,6.86215626766396,6.590163676124212,8.016862304742888,7.497526085284306,5.827179352800126,6.95382746708452,7.9441374911141125,6.268196257592121,5.589213019913065,6.805528736186027,4.839451481712757,25.0275,34.5925,18.58,21.755000000000003,23.2625,33.002500000000005,17.725,19.740000000000002,28.474999999999998,22.6525,27.655,33.0375,20.665,18.987499999999997,27.887500000000003,16.2125,14.88,20.4575,4.99809249638963,4.99844461816979,4.97272708925365,4.8459527527363,4.9459824887396,4.97689378547507,4.89927449342021,4.8676579151412,5.05107738158097,4.97019073875354,4.9766984086929,4.98714226941252,4.92821456322105,5.13512640717111,5.08965186192988,5.03157204730949,4.96996497626695,4.97626107003893
2013,9.749111847392573,7.852244665214971,6.244652219770568,5.9120154132346565,6.165102678518353,6.592599229529601,5.404814735742926,6.82042566954375,6.568499170984309,7.996174123914203,7.479412561954373,5.828062875166538,6.914085202677007,7.907679188149371,6.243924152756245,5.5534439637152975,6.772593987365043,4.824506498959347,26.3575,36.3375,21.332500000000003,24.0375,22.38,34.065000000000005,20.585,21.7375,30.11,23.37,28.612499999999997,33.695,22.075000000000003,20.2375,29.372500000000002,18.1,15.834999999999999,19.895,4.98568282312895,4.98698018852596,4.96535475488189,4.82060820741308,4.94095987615603,4.97178912967084,4.87623682547949,4.84896578178076,5.04159863766301,4.95872630845535,4.96936469341175,4.97663797093808,4.9188051889349,5.11902948011938,5.07622884162271,5.02130501695002,4.95140774271396,4.96261256417382
2014,9.761011994133119,7.876277864659127,6.252626165609713,5.930386697599392,6.179757820986445,6.605061086409853,5.418874329087146,6.824319320740102,6.56825345780056,8.016614884101797,7.496055700777468,5.869014387351418,6.905753276311464,7.906528815992194,6.273018505968614,5.5701558394010044,6.763076267612693,4.853786533275332,,,,,,,,,,,,,,,,,,,4.99911971829944,5.00051501236225,4.98212663665959,4.82912796013291,4.95991306188482,4.99305575347076,4.88677433044976,4.86353419779524,5.05317162310506,4.97226113312987,4.98914670256075,4.99857096518961,4.92404354541399,5.12912038310735,5.09680569917923,5.04072310266759,4.96381741569195,4.9876660668905
